"chrom","arm","length","percent"
"1","p",125000000,0.5015
"1","q",124250621,0.4985
"10","p",40200000,0.2966
"10","q",95334747,0.7034
"11","p",53700000,0.3978
"11","q",81306516,0.6022
"12","p",35800000,0.2675
"12","q",98051895,0.7325
"13","p",17900000,0.1554
"13","q",97269878,0.8446
"14","p",17600000,0.164
"14","q",89749540,0.836
"15","p",19000000,0.1853
"15","q",83531392,0.8147
"16","p",36600000,0.4051
"16","q",53754753,0.5949
"17","p",24000000,0.2956
"17","q",57195210,0.7044
"18","p",17200000,0.2203
"18","q",60877248,0.7797
"19","p",26500000,0.4482
"19","q",32628983,0.5518
"2","p",93300000,0.3836
"2","q",149899373,0.6164
"20","p",27500000,0.4363
"20","q",35525520,0.5637
"21","p",13200000,0.2743
"21","q",34929895,0.7257
"22","p",14700000,0.2865
"22","q",36604566,0.7135
"3","p",91000000,0.4595
"3","q",107022430,0.5405
"4","p",50400000,0.2637
"4","q",140754276,0.7363
"5","p",48400000,0.2675
"5","q",132515260,0.7325
"6","p",61000000,0.3565
"6","q",110115067,0.6435
"7","p",59900000,0.3764
"7","q",99238663,0.6236
"8","p",45600000,0.3116
"8","q",100764022,0.6884
"9","p",49000000,0.347
"9","q",92213431,0.653
"X","p",60600000,0.3903
"X","q",94670560,0.6097
"Y","p",12500000,0.2105
"Y","q",46873566,0.7895
